country,year,deaths,avg_deaths,excess_deaths,excess_deaths_prc
Austria,2000,74936.14285714286,79577.03571428571,-4640.892857142855,-5.831949902991573
Austria,2001,73151.0,79577.03571428571,-6426.03571428571,-8.075238863329643
Austria,2002,74470.14285714286,79577.03571428571,-5106.892857142855,-6.417545980826304
Austria,2003,75670.28571428571,79577.03571428571,-3906.75,-4.909393727641275
Austria,2004,73473.28571428571,79577.03571428571,-6103.75,-7.670240472282698
Austria,2005,74117.71428571429,79577.03571428571,-5459.32142857142,-6.860423210752195
Austria,2006,72760.28571428571,79577.03571428571,-6816.75,-8.566227604248713
Austria,2007,73037.28571428571,79577.03571428571,-6539.75,-8.218137231801888
Austria,2008,73305.28571428571,79577.03571428571,-6271.75,-7.881356654849727
Austria,2009,76468.14285714286,79577.03571428571,-3108.892857142855,-3.9067713810112994
Austria,2010,76353.85714285714,79577.03571428571,-3223.178571428565,-4.050387831737163
Austria,2011,74879.42857142858,79577.03571428571,-4697.60714285713,-5.903219566664273
Austria,2012,77625.42857142857,79577.03571428571,-1951.607142857145,-2.4524752968484744
Austria,2013,77958.57142857143,79577.03571428571,-1618.4642857142753,-2.0338333429825504
Austria,2014,76593.14285714286,79577.03571428571,-2983.892857142855,-3.749690888029881
Austria,2015,80769.85714285714,79577.03571428571,1192.8214285714348,1.4989518243104132
Austria,2016,77638.85714285714,79577.03571428571,-1938.1785714285652,-2.4356003638881742
Austria,2017,79900.14285714286,79577.03571428571,323.10714285714494,0.4060306342865453
Austria,2018,80615.28571428571,79577.03571428571,1038.25,1.3047105747036678
Austria,2019,80153.85714285714,79577.03571428571,576.8214285714348,0.7248591548979796
Austria,2020,88286.14285714286,79577.03571428571,8709.107142857145,10.944246747423996
Austria,2021,88856.85714285714,79577.03571428571,9279.821428571435,11.661431398236308
Austria,2022,89608.0,79577.03571428571,10030.96428571429,12.605350520632081
Austria,2023,29486.428571428572,79577.03571428571,-50090.60714285714,-62.94605810990876
Belgium,2000,102227.0,107144.82142857142,-4917.82142857142,-4.589882518820481
Belgium,2001,101099.85714285714,107144.82142857142,-6044.964285714275,-5.641863232507395
Belgium,2002,103395.42857142858,107144.82142857142,-3749.3928571428405,-3.499369178231717
Belgium,2003,104457.0,107144.82142857142,-2687.8214285714203,-2.5085873425653786
Belgium,2004,100652.0,107144.82142857142,-6492.82142857142,-6.059855569314555
Belgium,2005,101780.14285714286,107144.82142857142,-5364.678571428565,-5.006941539405106
Belgium,2006,99510.57142857143,107144.82142857142,-7634.249999999985,-7.125169371894835
Belgium,2007,99713.57142857143,107144.82142857142,-7431.249999999985,-6.935706178720044
Belgium,2008,102065.71428571429,107144.82142857142,-5079.10714285713,-4.7404130924266275
Belgium,2009,103148.42857142857,107144.82142857142,-3996.392857142855,-3.729898285198103
Belgium,2010,103797.71428571429,107144.82142857142,-3347.1071428571304,-3.1239093949944134
Belgium,2011,101929.57142857142,107144.82142857142,-5215.25,-4.8674774295804575
Belgium,2012,106486.71428571429,107144.82142857142,-658.1071428571304,-0.6142220725953241
Belgium,2013,107115.85714285714,107144.82142857142,-28.96428571427532,-0.02703283773129856
Belgium,2014,102370.57142857143,107144.82142857142,-4774.249999999985,-4.455884975442103
Belgium,2015,109415.57142857142,107144.82142857142,2270.75,2.1193278123234407
Belgium,2016,106312.57142857143,107144.82142857142,-832.2499999999854,-0.776752426205506
Belgium,2017,107263.71428571429,107144.82142857142,118.89285714286962,0.11096463231508587
Belgium,2018,108411.57142857142,107144.82142857142,1266.75,1.182278324897377
Belgium,2019,106591.42857142857,107144.82142857142,-553.3928571428551,-0.5164905310069297
Belgium,2020,124869.42857142858,107144.82142857142,17724.60714285716,16.542663384504635
Belgium,2021,110976.0,107144.82142857142,3831.1785714285797,3.575701112146285
Belgium,2022,113906.14285714286,107144.82142857142,6761.321428571435,6.310450975065464
Belgium,2023,43427.71428571428,107144.82142857142,-63717.10714285714,-59.46820974948792
Bulgaria,2000,112189.42857142857,106253.60714285714,5935.82142857142,5.586465804018074
Bulgaria,2001,109758.71428571429,106253.60714285714,3505.107142857145,3.298812376453776
Bulgaria,2002,110053.71428571429,106253.60714285714,3800.107142857145,3.5764500095963143
Bulgaria,2003,109450.42857142858,106253.60714285714,3196.821428571435,3.0086709661285505
Bulgaria,2004,109055.85714285714,106253.60714285714,2802.25,2.6373222287243356
Bulgaria,2005,111492.0,106253.60714285714,5238.392857142855,4.930084726535332
Bulgaria,2006,111082.57142857142,106253.60714285714,4828.964285714275,4.544753270561225
Bulgaria,2007,110374.14285714286,106253.60714285714,4120.53571428571,3.878019603368083
Bulgaria,2008,108119.85714285714,106253.60714285714,1866.25,1.75641095882123
Bulgaria,2009,106642.28571428571,106253.60714285714,388.6785714285652,0.3658027072022034
Bulgaria,2010,108890.71428571429,106253.60714285714,2637.107142857145,2.481898933851323
Bulgaria,2011,105970.71428571429,106253.60714285714,-282.89285714285506,-0.2662430620002461
Bulgaria,2012,106779.71428571429,106253.60714285714,526.1071428571449,0.49514285397369895
Bulgaria,2013,102040.85714285714,106253.60714285714,-4212.75,-3.9648065729533215
Bulgaria,2014,106616.85714285714,106253.60714285714,363.25,0.34187074657297345
Bulgaria,2015,109045.14285714286,106253.60714285714,2791.53571428571,2.627238537447968
Bulgaria,2016,105508.14285714286,106253.60714285714,-745.4642857142899,-0.701589626705114
Bulgaria,2017,107389.71428571429,106253.60714285714,1136.107142857145,1.0692410106413213
Bulgaria,2018,106118.71428571429,106253.60714285714,-134.89285714285506,-0.1269536731694131
Bulgaria,2019,105997.85714285714,106253.60714285714,-255.75,-0.2406977107667941
Bulgaria,2020,121556.57142857142,106253.60714285714,15302.964285714275,14.40230096390004
Bulgaria,2021,147443.57142857142,106253.60714285714,41189.964285714275,38.76570913054715
Bulgaria,2022,116349.85714285714,106253.60714285714,10096.25,9.502030351238496
Bulgaria,2023,32756.285714285717,106253.60714285714,-73497.32142857142,-69.17160123303377
Croatia,2000,48992.142857142855,51319.21428571428,-2327.0714285714275,-4.534503228392594
Croatia,2001,48405.142857142855,51319.21428571428,-2914.0714285714275,-5.678324325753788
Croatia,2002,49409.71428571429,51319.21428571428,-1909.4999999999927,-3.7208285952490505
Croatia,2003,51470.42857142857,51319.21428571428,151.21428571428987,0.29465432746577214
Croatia,2004,49178.857142857145,51319.21428571428,-2140.3571428571377,-4.170674030473121
Croatia,2005,50950.142857142855,51319.21428571428,-369.07142857142753,-0.7191681199884735
Croatia,2006,49311.0,51319.21428571428,-2008.2142857142826,-3.9131820579593497
Croatia,2007,51261.28571428571,51319.21428571428,-57.92857142857247,-0.11287891335604106
Croatia,2008,51004.0,51319.21428571428,-315.2142857142826,-0.614222743082855
Croatia,2009,51776.57142857143,51319.21428571428,457.35714285714494,0.8912005945976834
Croatia,2010,51546.0,51319.21428571428,226.7857142857174,0.44191189877364845
Croatia,2011,49940.71428571428,51319.21428571428,-1378.5,-2.686128420293708
Croatia,2012,50594.71428571428,51319.21428571428,-724.5,-1.4117519336255289
Croatia,2013,49324.57142857143,51319.21428571428,-1994.642857142855,-3.8867369364579365
Croatia,2014,49696.57142857143,51319.21428571428,-1622.642857142855,-3.1618622376191556
Croatia,2015,53651.28571428571,51319.21428571428,2332.0714285714275,4.544246167893115
Croatia,2016,50604.28571428571,51319.21428571428,-714.9285714285725,-1.393101163724533
Croatia,2017,52332.142857142855,51319.21428571428,1012.9285714285725,1.9737803579555995
Croatia,2018,51607.142857142855,51319.21428571428,287.92857142857247,0.5610541303800185
Croatia,2019,50733.28571428571,51319.21428571428,-585.9285714285725,-1.1417333246110848
Croatia,2020,55695.57142857143,51319.21428571428,4376.357142857145,8.527716575106238
Croatia,2021,62121.71428571428,51319.21428571428,10802.5,21.049620790876155
Croatia,2022,55840.42857142857,51319.21428571428,4521.21428571429,8.809983450921342
Croatia,2023,16875.0,51319.21428571428,-34444.21428571428,-67.11757918574078
Cyprus,2015,5817.428571428572,5774.892857142857,42.535714285714675,0.7365628304792365
Cyprus,2016,5369.428571428572,5774.892857142857,-405.4642857142853,-7.02115685510553
Cyprus,2017,5912.142857142857,5774.892857142857,137.25,2.3766674706395294
Cyprus,2018,5699.428571428572,5774.892857142857,-75.46428571428532,-1.3067651224203227
Cyprus,2019,6118.571428571428,5774.892857142857,343.67857142857156,5.95125450688634
Cyprus,2020,6420.142857142857,5774.892857142857,645.25,11.17336747125797
Cyprus,2021,7121.142857142857,5774.892857142857,1346.25,23.312120818568065
Cyprus,2022,7212.714285714286,5774.892857142857,1437.8214285714294,24.897802680321853
Cyprus,2023,2484.5714285714284,5774.892857142857,-3290.3214285714284,-56.976319906986525
Czechia,2005,105797.71428571429,108963.25,-3165.53571428571,-2.9051406912750033
Czechia,2006,102374.28571428571,108963.25,-6588.96428571429,-6.046960131708892
Czechia,2007,102318.28571428571,108963.25,-6644.96428571429,-6.098353606114254
Czechia,2008,102779.0,108963.25,-6184.25,-5.675537394488509
Czechia,2009,106054.71428571429,108963.25,-2908.53571428571,-2.6692813533789694
Czechia,2010,105700.14285714286,108963.25,-3263.107142857145,-2.9946859540782285
Czechia,2011,104607.71428571429,108963.25,-4355.53571428571,-3.9972520223889343
Czechia,2012,105620.28571428571,108963.25,-3342.96428571429,-3.0679740974266916
Czechia,2013,107089.0,108963.25,-1874.25,-1.720075346504441
Czechia,2014,103278.85714285714,108963.25,-5684.392857142855,-5.216798193099835
Czechia,2015,110148.42857142857,108963.25,1185.1785714285652,1.0876865102945859
Czechia,2016,105851.42857142857,108963.25,-3111.821428571435,-2.8558449097025234
Czechia,2017,109120.42857142857,108963.25,157.1785714285652,0.14424915871045071
Czechia,2018,110765.42857142858,108963.25,1802.1785714285797,1.6539324693679562
Czechia,2019,110115.71428571429,108963.25,1152.4642857142899,1.0576632816241163
Czechia,2020,126598.57142857143,108963.25,17635.321428571435,16.184650722671577
Czechia,2021,138107.14285714287,108963.25,29143.89285714287,26.746534136181577
Czechia,2022,117194.85714285714,108963.25,8231.607142857145,7.5544801966324835
Czechia,2023,36994.142857142855,108963.25,-71969.10714285714,-66.04897260577043
Denmark,2007,54361.71428571429,52816.357142857145,1545.357142857145,2.9259063412443966
Denmark,2008,53209.71428571428,52816.357142857145,393.35714285713766,0.7447638650904856
Denmark,2009,54298.42857142857,52816.357142857145,1482.0714285714275,2.806084154124329
Denmark,2010,53706.28571428572,52816.357142857145,889.9285714285725,1.6849487915675494
Denmark,2011,51410.71428571429,52816.357142857145,-1405.642857142855,-2.661377901056081
Denmark,2012,50971.57142857143,52816.357142857145,-1844.7857142857174,-3.4928302784986855
Denmark,2013,51497.857142857145,52816.357142857145,-1318.5,-2.496385724660515
Denmark,2014,50206.57142857143,52816.357142857145,-2609.7857142857174,-4.941245204069633
Denmark,2015,52023.0,52816.357142857145,-793.3571428571449,-1.502105002643936
Denmark,2016,52005.42857142857,52816.357142857145,-810.9285714285725,-1.5353739169007456
Denmark,2017,52131.0,52816.357142857145,-685.3571428571449,-1.2976228955045082
Denmark,2018,54213.71428571428,52816.357142857145,1397.3571428571377,2.645690120349611
Denmark,2019,52915.28571428572,52816.357142857145,98.92857142857247,0.18730669205562867
Denmark,2020,53699.57142857143,52816.357142857145,883.2142857142826,1.6722362796157515
Denmark,2021,56471.142857142855,52816.357142857145,3654.78571428571,6.919798925927971
Denmark,2022,58084.71428571429,52816.357142857145,5268.357142857145,9.974858979023006
Denmark,2023,18918.0,52816.357142857145,-33898.357142857145,-64.18155089941023
Estonia,2000,17959.14285714286,15198.535714285714,2760.607142857145,18.163638884385023
Estonia,2001,18087.0,15198.535714285714,2888.4642857142862,19.004885339048176
Estonia,2002,17974.428571428572,15198.535714285714,2775.8928571428587,18.264212482875475
Estonia,2003,17745.14285714286,15198.535714285714,2546.607142857145,16.755608505518637
Estonia,2004,17488.428571428572,15198.535714285714,2289.8928571428587,15.066536014982656
Estonia,2005,17027.0,15198.535714285714,1828.4642857142862,12.030529256812809
Estonia,2006,16963.571428571428,15198.535714285714,1765.0357142857138,11.613195820086048
Estonia,2007,17069.714285714286,15198.535714285714,1871.1785714285725,12.311571368482403
Estonia,2008,16317.571428571428,15198.535714285714,1119.0357142857138,7.362786358648268
Estonia,2009,15881.0,15198.535714285714,682.4642857142862,4.490329190547025
Estonia,2010,15598.142857142857,15198.535714285714,399.6071428571431,2.629247648387182
Estonia,2011,14934.0,15198.535714285714,-264.53571428571377,-1.7405342149972123
Estonia,2012,15008.142857142857,15198.535714285714,-190.39285714285688,-1.2527052653098614
Estonia,2013,14954.42857142857,15198.535714285714,-244.10714285714312,-1.6061227702856733
Estonia,2014,15206.42857142857,15198.535714285714,7.892857142856883,0.051931694547640336
Estonia,2015,15098.571428571428,15198.535714285714,-99.96428571428623,-0.657723135922402
Estonia,2016,15108.714285714286,15198.535714285714,-89.82142857142753,-0.5909873836530237
Estonia,2017,15210.285714285714,15198.535714285714,11.75,0.07731007921345806
Estonia,2018,15402.0,15198.535714285714,203.46428571428623,1.3387097911217984
Estonia,2019,15073.142857142857,15198.535714285714,-125.39285714285688,-0.825032486682221
Estonia,2020,15534.714285714286,15198.535714285714,336.17857142857247,2.2119142116604347
Estonia,2021,18325.428571428572,15198.535714285714,3126.8928571428587,20.573645487464734
Estonia,2022,17164.857142857145,15198.535714285714,1966.3214285714312,12.937571523572542
Estonia,2023,6126.0,15198.535714285714,-9072.535714285714,-59.69348550964732
Finland,2000,48093.28571428572,52912.71428571429,-4819.4285714285725,-9.108261854428722
Finland,2001,47526.28571428572,52912.71428571429,-5386.4285714285725,-10.179837954150907
Finland,2002,48289.42857142857,52912.71428571429,-4623.285714285717,-8.737570500203844
Finland,2003,47712.71428571429,52912.71428571429,-5200.0,-9.827505676464474
Finland,2004,47292.71428571429,52912.71428571429,-5620.0,-10.621265750332757
Finland,2005,47080.0,52912.71428571429,-5832.71428571429,-11.023275529240886
Finland,2006,47083.0,52912.71428571429,-5829.71428571429,-11.017605814427542
Finland,2007,48101.71428571428,52912.71428571429,-4811.000000000007,-9.092332655667432
Finland,2008,47883.0,52912.71428571429,-5029.71428571429,-9.505681864202238
Finland,2009,49332.28571428571,52912.71428571429,-3580.4285714285797,-6.766669636517299
Finland,2010,50290.0,52912.71428571429,-2622.71428571429,-4.956680678961856
Finland,2011,49513.57142857143,52912.71428571429,-3399.1428571428623,-6.424056869939451
Finland,2012,50450.857142857145,52912.71428571429,-2461.857142857145,-4.652675970398692
Finland,2013,50414.42857142857,52912.71428571429,-2498.2857142857174,-4.721522507417882
Finland,2014,51297.28571428571,52912.71428571429,-1615.4285714285797,-3.0530064337763965
Finland,2015,51686.142857142855,52912.71428571429,-1226.5714285714348,-2.3181033993990217
Finland,2016,52985.42857142857,52912.71428571429,72.7142857142826,0.13742308761868688
Finland,2017,52521.142857142855,52912.71428571429,-391.5714285714348,-0.7400327763513612
Finland,2018,53345.71428571429,52912.71428571429,433.0,0.8183288380594456
Finland,2019,52798.57142857143,52912.71428571429,-114.14285714286234,-0.21571914932679864
Finland,2020,54576.142857142855,52912.71428571429,1663.4285714285652,3.1437218707898875
Finland,2021,56928.857142857145,52912.71428571429,4016.142857142855,7.590128216550703
Finland,2022,61611.42857142857,52912.71428571429,8698.714285714283,16.439743080923023
Finland,2023,21040.142857142855,52912.71428571429,-31872.571428571435,-60.23613012265484
France,2013,557689.4285714285,593358.6785714286,-35669.25000000012,-6.011414560561827
France,2014,546886.5714285715,593358.6785714286,-46472.10714285716,-7.832043049364927
France,2015,587441.1428571428,593358.6785714286,-5917.535714285797,-0.9972948787962226
France,2016,583099.2857142857,593358.6785714286,-10259.392857142957,-1.7290372969421275
France,2017,592354.4285714286,593358.6785714286,-1004.25,-0.1692483882460157
France,2018,597344.2857142857,593358.6785714286,3985.607142857043,0.6717028480063354
France,2019,600636.7142857143,593358.6785714286,7278.035714285681,1.2265828371817686
France,2020,658035.7142857143,593358.6785714286,64677.03571428568,10.900158378066067
France,2021,652327.0,593358.6785714286,58968.32142857136,9.938056618729094
France,2022,658422.0,593358.6785714286,65063.32142857136,10.965259931011362
France,2023,231653.0,593358.6785714286,-361705.67857142864,-60.95902725182546
Germany,2000,818739.0,917001.2857142857,-98262.28571428568,-10.715610462611904
Germany,2001,811003.7142857143,917001.2857142857,-105997.57142857136,-11.559151887775815
Germany,2002,823047.1428571428,917001.2857142857,-93954.14285714284,-10.245802739955652
Germany,2003,837538.5714285714,917001.2857142857,-79462.71428571432,-8.665496496421804
Germany,2004,808592.5714285714,917001.2857142857,-108408.71428571432,-11.822089671474215
Germany,2005,818303.5714285714,917001.2857142857,-98697.71428571432,-10.763094427815886
Germany,2006,805374.0,917001.2857142857,-111627.28571428568,-12.173078430019334
Germany,2007,809325.4285714286,917001.2857142857,-107675.85714285704,-11.742170793030503
Germany,2008,824195.7142857143,917001.2857142857,-92805.57142857136,-10.120549760874296
Germany,2009,844433.2857142857,917001.2857142857,-72568.0,-7.913620311172644
Germany,2010,848945.8571428572,917001.2857142857,-68055.42857142852,-7.421519427687352
Germany,2011,834563.8571428572,917001.2857142857,-82437.42857142852,-8.989892365005247
Germany,2012,849134.8571428572,917001.2857142857,-67866.42857142852,-7.400908769562399
Germany,2013,877182.0,917001.2857142857,-39819.28571428568,-4.342336955751266
Germany,2014,849363.2857142857,917001.2857142857,-67638.0,-7.375998382304807
Germany,2015,916136.8571428572,917001.2857142857,-864.4285714285215,-0.09426688761457806
Germany,2016,896567.1428571428,917001.2857142857,-20434.14285714284,-2.228365780449909
Germany,2017,913363.5714285714,917001.2857142857,-3637.714285714319,-0.3966967486725791
Germany,2018,936905.8571428572,917001.2857142857,19904.57142857148,2.1706154330053185
Germany,2019,921168.5714285715,917001.2857142857,4167.285714285797,0.45444709611718226
Germany,2020,964955.2857142857,917001.2857142857,47954.0,5.229436506476311
Germany,2021,1011072.7142857143,917001.2857142857,94071.42857142864,10.2585928762524
Germany,2022,1038737.4285714286,917001.2857142857,121736.14285714296,13.275460433222646
Germany,2023,395785.5714285714,917001.2857142857,-521215.71428571426,-56.839147600509676
Greece,2015,119692.14285714286,119690.17857142858,1.96428571427532,0.0016411419363896059
Greece,2016,116704.85714285714,119690.17857142858,-2985.321428571435,-2.4942075149381266
Greece,2017,121929.57142857143,119690.17857142858,2239.392857142855,1.8709913243269434
Greece,2018,117696.0,119690.17857142858,-1994.1785714285797,-1.6661171327758493
Greece,2019,122430.28571428571,119690.17857142858,2740.1071428571304,2.2893333233870083
Greece,2020,129097.14285714286,119690.17857142858,9406.964285714275,7.859428733411403
Greece,2021,142020.85714285713,119690.17857142858,22330.67857142855,18.65706847291741
Greece,2022,137682.0,119690.17857142858,17991.82142857142,15.031994808023686
Greece,2023,42946.42857142857,119690.17857142858,-76743.75,-64.11866948147375
Hungary,2000,131850.57142857142,127298.32142857143,4552.249999999985,3.576048724691398
Hungary,2001,129225.0,127298.32142857143,1926.6785714285652,1.513514514415374
Hungary,2002,129908.28571428571,127298.32142857143,2609.9642857142753,2.0502739206806875
Hungary,2003,133044.7142857143,127298.32142857143,5746.392857142855,4.5141151844388006
Hungary,2004,131019.14285714286,127298.32142857143,3720.8214285714203,2.9229147618095
Hungary,2005,133752.42857142858,127298.32142857143,6454.107142857145,5.070064609201166
Hungary,2006,128925.0,127298.32142857143,1626.6785714285652,1.277847620592007
Hungary,2007,130168.57142857143,127298.32142857143,2870.25,2.254743006655065
Hungary,2008,127041.71428571429,127298.32142857143,-256.60714285714494,-0.20157936096677456
Hungary,2009,128776.85714285714,127298.32142857143,1478.5357142857101,1.1614730639754223
Hungary,2010,128993.14285714286,127298.32142857143,1694.8214285714203,1.3313776721890274
Hungary,2011,126133.71428571429,127298.32142857143,-1164.607142857145,-0.9148644929388322
Hungary,2012,126412.85714285714,127298.32142857143,-885.4642857142899,-0.6955820593527104
Hungary,2013,124155.42857142857,127298.32142857143,-3142.8928571428696,-2.4689193242083585
Hungary,2014,123525.85714285714,127298.32142857143,-3772.46428571429,-2.9634831342462467
Hungary,2015,130381.57142857143,127298.32142857143,3083.25,2.422066501269655
Hungary,2016,124843.85714285714,127298.32142857143,-2454.46428571429,-1.9281199140489202
Hungary,2017,129040.42857142858,127298.32142857143,1742.107142857145,1.368523263548814
Hungary,2018,128172.57142857143,127298.32142857143,874.25,0.6867726064169289
Hungary,2019,127136.42857142858,127298.32142857143,-161.89285714285506,-0.12717595591682254
Hungary,2020,138143.0,127298.32142857143,10844.678571428565,8.519105711471333
Hungary,2021,153818.14285714284,127298.32142857143,26519.821428571406,20.83281313607264
Hungary,2022,133500.57142857142,127298.32142857143,6202.249999999985,4.872216640719917
Hungary,2023,42610.142857142855,127298.32142857143,-84688.17857142858,-66.52733329162403
Ireland,2014,29210.428571428572,30705.0,-1494.5714285714275,-4.867518086863467
Ireland,2015,30467.857142857145,30705.0,-237.14285714285506,-0.7723265173191827
Ireland,2016,30754.85714285714,30705.0,49.8571428571413,0.16237467141228235
Ireland,2017,30354.714285714286,30705.0,-350.28571428571377,-1.140810012329307
Ireland,2018,31072.14285714286,30705.0,367.1428571428587,1.1957103310303165
Ireland,2019,30638.285714285714,30705.0,-66.71428571428623,-0.21727499011329177
Ireland,2020,31524.85714285714,30705.0,819.8571428571413,2.670109568008928
Ireland,2021,33925.0,30705.0,3220.0,10.486891385767791
Ireland,2022,34329.142857142855,30705.0,3624.142857142855,11.803103263777414
Ireland,2023,11673.0,30705.0,-19032.0,-61.98339032730825
Italy,2011,594524.1428571428,629684.8571428572,-35160.71428571432,-5.5838589552960105
Italy,2012,610072.1428571428,629684.8571428572,-19612.71428571432,-3.1146873016298
Italy,2013,597640.4285714285,629684.8571428572,-32044.428571428638,-5.088962868954412
Italy,2014,595216.2857142857,629684.8571428572,-34468.57142857148,-5.47394002532787
Italy,2015,649385.1428571428,629684.8571428572,19700.28571428568,3.1285944851324667
Italy,2016,614954.7142857143,629684.8571428572,-14730.14285714284,-2.3392880883271743
Italy,2017,644071.5714285714,629684.8571428572,14386.714285714203,2.284748334427594
Italy,2018,627376.0,629684.8571428572,-2308.8571428571595,-0.36666867825493016
Italy,2019,632337.1428571428,629684.8571428572,2652.285714285681,0.42120843215449194
Italy,2020,733794.1428571428,629684.8571428572,104109.28571428568,16.533553972803624
Italy,2021,700034.2857142857,629684.8571428572,70349.42857142852,11.172164579379155
Italy,2022,697970.4285714285,629684.8571428572,68285.57142857136,10.844404253011813
Italy,2023,170170.14285714284,629684.8571428572,-459514.7142857143,-72.97534775899237
Latvia,2000,31353.714285714286,27931.75,3421.9642857142862,12.251163230783199
Latvia,2001,32246.857142857145,27931.75,4315.107142857145,15.448753274883046
Latvia,2002,31769.714285714286,27931.75,3837.9642857142862,13.740507793870007
Latvia,2003,31787.571428571428,27931.75,3855.8214285714275,13.804439136722287
Latvia,2004,31689.285714285714,27931.75,3757.5357142857138,13.452561025663318
Latvia,2005,32257.857142857145,27931.75,4326.107142857145,15.488134982080052
Latvia,2006,32418.0,27931.75,4486.25,16.06147126477933
Latvia,2007,32366.428571428572,27931.75,4434.6785714285725,15.876837546621935
Latvia,2008,30302.428571428572,27931.75,2370.6785714285725,8.487397214383533
Latvia,2009,29519.0,27931.75,1587.25,5.682601340768122
Latvia,2010,29718.0,27931.75,1786.25,6.395052225513977
Latvia,2011,27971.14285714286,27931.75,39.3928571428587,0.14103254233214427
Latvia,2012,28290.285714285714,27931.75,358.53571428571377,1.2836135017881578
Latvia,2013,28092.285714285714,27931.75,160.53571428571377,0.574742772242032
Latvia,2014,27861.285714285714,27931.75,-70.46428571428623,-0.25227307889511486
Latvia,2015,28135.14285714286,27931.75,203.3928571428587,0.7281779950875212
Latvia,2016,28194.714285714286,27931.75,262.96428571428623,0.941452954842737
Latvia,2017,28173.85714285714,27931.75,242.1071428571413,0.8667811463912619
Latvia,2018,28238.14285714286,27931.75,306.3928571428587,1.0969339806594958
Latvia,2019,27120.285714285714,27931.75,-811.4642857142862,-2.905168081893495
Latvia,2020,28221.571428571428,27931.75,289.82142857142753,1.037605694492567
Latvia,2021,34208.857142857145,27931.75,6277.107142857145,22.473017776749202
Latvia,2022,29604.285714285714,27931.75,1672.5357142857138,5.98793743423063
Latvia,2023,10950.42857142857,27931.75,-16981.321428571428,-60.79576621075095
Lithuania,2000,37937.0,39021.71428571429,-1084.7142857142899,-2.7797709700093822
Lithuania,2001,39482.57142857143,39021.71428571429,460.85714285713766,1.1810274133083278
Lithuania,2002,40097.42857142857,39021.71428571429,1075.7142857142826,2.756706888472344
Lithuania,2003,40126.28571428571,39021.71428571429,1104.5714285714203,2.830658388003727
Lithuania,2004,40911.42857142857,39021.71428571429,1889.7142857142826,4.842724929709457
Lithuania,2005,43085.71428571428,39021.71428571429,4063.9999999999927,10.414714151827534
Lithuania,2006,43900.42857142857,39021.71428571429,4878.714285714283,12.502562675726326
Lithuania,2007,44654.57142857143,39021.71428571429,5632.857142857138,14.435186269915636
Lithuania,2008,42822.857142857145,39021.71428571429,3801.142857142855,9.74109653233364
Lithuania,2009,41492.28571428572,39021.71428571429,2470.5714285714275,6.331273430178067
Lithuania,2010,41724.0,39021.71428571429,2702.28571428571,6.925082005623231
Lithuania,2011,40184.0,39021.71428571429,1162.2857142857101,2.978561387066531
Lithuania,2012,39842.0,39021.71428571429,820.2857142857101,2.102126288659783
Lithuania,2013,40701.42857142857,39021.71428571429,1679.7142857142826,4.3045630271789985
Lithuania,2014,39403.42857142857,39021.71428571429,381.7142857142826,0.9782099343954933
Lithuania,2015,41259.142857142855,39021.71428571429,2237.428571428565,5.733803889409543
Lithuania,2016,40491.42857142857,39021.71428571429,1469.7142857142826,3.766401124648539
Lithuania,2017,39304.28571428572,39021.71428571429,282.57142857142753,0.7241389409559486
Lithuania,2018,38748.28571428571,39021.71428571429,-273.42857142857974,-0.7007087628866192
Lithuania,2019,37542.857142857145,39021.71428571429,-1478.857142857145,-3.7898313027179054
Lithuania,2020,42381.142857142855,39021.71428571429,3359.428571428565,8.609126054357997
Lithuania,2021,47238.71428571429,39021.71428571429,8217.0,21.05750644329897
Lithuania,2022,41487.71428571429,39021.71428571429,2466.0,6.3195583411433915
Lithuania,2023,12307.428571428572,39021.71428571429,-26714.285714285717,-68.46005154639175
Luxembourg,2000,3674.1428571428573,4123.321428571428,-449.1785714285711,-10.893610386910684
Luxembourg,2001,3629.285714285714,4123.321428571428,-494.0357142857142,-11.981498964946773
Luxembourg,2002,3668.4285714285716,4123.321428571428,-454.8928571428569,-11.032194919144581
Luxembourg,2003,3954.8571428571427,4123.321428571428,-168.46428571428578,-4.08564524092055
Luxembourg,2004,3558.8571428571427,4123.321428571428,-564.4642857142858,-13.689553324729545
Luxembourg,2005,3552.8571428571427,4123.321428571428,-570.4642857142858,-13.835067083575137
Luxembourg,2006,3679.857142857143,4123.321428571428,-443.4642857142853,-10.755025854676786
Luxembourg,2007,3782.5714285714284,4123.321428571428,-340.75,-8.263968887772513
Luxembourg,2008,3500.0,4123.321428571428,-623.3214285714284,-15.11697400673867
Luxembourg,2009,3601.714285714286,4123.321428571428,-521.6071428571427,-12.65016933297532
Luxembourg,2010,3735.5714285714284,4123.321428571428,-387.75,-9.40382666539631
Luxembourg,2011,3729.1428571428573,4123.321428571428,-394.1785714285711,-9.559734264159433
Luxembourg,2012,3780.428571428571,4123.321428571428,-342.89285714285734,-8.315938087360228
Luxembourg,2013,3753.285714285714,4123.321428571428,-370.0357142857142,-8.97421461547123
Luxembourg,2014,3757.5714285714284,4123.321428571428,-365.75,-8.87027621629581
Luxembourg,2015,3941.0,4123.321428571428,-182.32142857142844,-4.421712731587743
Luxembourg,2016,3887.4285714285716,4123.321428571428,-235.89285714285688,-5.720942721280515
Luxembourg,2017,4168.714285714285,4123.321428571428,45.39285714285688,1.1008808779330055
Luxembourg,2018,4230.571428571428,4123.321428571428,107.25,2.6010584393649365
Luxembourg,2019,4206.571428571428,4123.321428571428,83.25,2.0190034039825733
Luxembourg,2020,4518.857142857143,4123.321428571428,395.5357142857147,9.592648090565001
Luxembourg,2021,4435.0,4123.321428571428,311.67857142857156,7.55892008003257
Luxembourg,2022,4342.857142857143,4123.321428571428,219.53571428571468,5.324244497761003
Luxembourg,2023,1468.142857142857,4123.321428571428,-2655.1785714285716,-64.39416905580626
Malta,2011,3183.0,3486.464285714286,-303.4642857142858,-8.704069821042605
Malta,2012,3340.8571428571427,3486.464285714286,-145.60714285714312,-4.176355497280306
Malta,2013,3152.4285714285716,3486.464285714286,-334.0357142857142,-9.580930332612859
Malta,2014,3192.0,3486.464285714286,-294.4642857142858,-8.445928642402764
Malta,2015,3401.285714285714,3486.464285714286,-85.17857142857156,-2.4431218692699352
Malta,2016,3270.4285714285716,3486.464285714286,-216.03571428571422,-6.196412657112709
Malta,2017,3477.1428571428573,3486.464285714286,-9.321428571428442,-0.26736050644840387
Malta,2018,3586.285714285714,3486.464285714286,99.82142857142844,2.8631134694379243
Malta,2019,3612.0,3486.464285714286,125.53571428571422,3.6006596941231885
Malta,2020,4006.1428571428573,3486.464285714286,519.6785714285716,14.905604326937855
Malta,2021,4101.571428571428,3486.464285714286,615.1071428571427,17.642720316325374
Malta,2022,4117.142857142857,3486.464285714286,630.6785714285711,18.089345530162557
Malta,2023,1074.857142857143,3486.464285714286,-2411.607142857143,-69.17056780815604
Netherlands,2000,137453.2857142857,148187.39285714284,-10734.10714285713,-7.243603477932253
Netherlands,2001,138039.85714285713,148187.39285714284,-10147.53571428571,-6.847772619947666
Netherlands,2002,139600.0,148187.39285714284,-8587.39285714284,-5.7949550846213675
Netherlands,2003,138975.0,148187.39285714284,-9212.39285714284,-6.2167183587768955
Netherlands,2004,135422.7142857143,148187.39285714284,-12764.67857142855,-8.613876204525772
Netherlands,2005,134639.2857142857,148187.39285714284,-13548.10714285713,-9.142550443490101
Netherlands,2006,132917.14285714284,148187.39285714284,-15270.25,-10.304689019477511
Netherlands,2007,130276.71428571429,148187.39285714284,-17910.67857142855,-12.086506298612724
Netherlands,2008,132049.7142857143,148187.39285714284,-16137.67857142855,-10.890048242488323
Netherlands,2009,132936.14285714287,148187.39285714284,-15251.24999999997,-10.291867415943164
Netherlands,2010,134488.42857142858,148187.39285714284,-13698.96428571426,-9.244352047491974
Netherlands,2011,132937.85714285713,148187.39285714284,-15249.53571428571,-10.290710579534068
Netherlands,2012,137532.42857142858,148187.39285714284,-10654.96428571426,-7.190196197044893
Netherlands,2013,138544.0,148187.39285714284,-9643.39285714284,-6.507566312634546
Netherlands,2014,136127.14285714287,148187.39285714284,-12060.24999999997,-8.138512843414702
Netherlands,2015,145710.14285714284,148187.39285714284,-2477.25,-1.671700913442849
Netherlands,2016,146428.2857142857,148187.39285714284,-1759.1071428571304,-1.1870828610588777
Netherlands,2017,147013.2857142857,148187.39285714284,-1174.1071428571304,-0.792312436449304
Netherlands,2018,150420.42857142858,148187.39285714284,2233.0357142857392,1.5068999266614087
Netherlands,2019,148887.57142857142,148187.39285714284,700.1785714285797,0.4724953708468123
Netherlands,2020,165509.7142857143,148187.39285714284,17322.32142857145,11.689470402702
Netherlands,2021,168575.2857142857,148187.39285714284,20387.89285714287,13.758183111297074
Netherlands,2022,165785.85714285713,148187.39285714284,17598.46428571429,11.875817467603161
Netherlands,2023,62813.57142857143,148187.39285714284,-85373.82142857142,-57.6120679246138
Norway,2000,42777.57142857143,39909.67857142857,2867.892857142855,7.185958293324833
Norway,2001,43039.71428571428,39909.67857142857,3130.03571428571,7.842798605064461
Norway,2002,43326.71428571428,39909.67857142857,3417.03571428571,8.561922412304202
Norway,2003,41630.42857142857,39909.67857142857,1720.75,4.311610771107259
Norway,2004,40776.857142857145,39909.67857142857,867.1785714285725,2.1728528078133595
Norway,2005,40515.71428571428,39909.67857142857,606.0357142857101,1.51851815393866
Norway,2006,40382.71428571428,39909.67857142857,473.0357142857101,1.1852656579007315
Norway,2007,41060.42857142857,39909.67857142857,1150.75,2.8833857880875655
Norway,2008,40693.857142857145,39909.67857142857,784.1785714285725,1.9648832050227727
Norway,2009,40900.0,39909.67857142857,990.3214285714275,2.4814066763253786
Norway,2010,40986.71428571428,39909.67857142857,1077.0357142857101,2.6986830083286173
Norway,2011,40482.142857142855,39909.67857142857,572.4642857142826,1.4343996399011618
Norway,2012,40875.0,39909.67857142857,965.3214285714275,2.418765229701708
Norway,2013,40403.57142857143,39909.67857142857,493.89285714285506,1.2375265219410563
Norway,2014,39537.28571428572,39909.67857142857,-372.39285714285506,-0.9330890913500164
Norway,2015,40323.0,39909.67857142857,413.32142857142753,1.035642088251057
Norway,2016,39951.57142857143,39909.67857142857,41.892857142855064,0.1049691669850888
Norway,2017,39875.28571428572,39909.67857142857,-34.392857142855064,-0.08617673299798759
Norway,2018,39980.71428571428,39909.67857142857,71.03571428571013,0.17799119619210552
Norway,2019,39831.142857142855,39909.67857142857,-78.5357142857174,-0.19678363017922498
Norway,2020,40007.857142857145,39909.67857142857,98.17857142857247,0.24600190966924682
Norway,2021,41485.142857142855,39909.67857142857,1575.4642857142826,3.947574478442833
Norway,2022,44595.142857142855,39909.67857142857,4685.464285714283,11.740170438427477
Norway,2023,16386.714285714286,39909.67857142857,-23522.964285714286,-58.940500469363414
Poland,2000,360254.85714285716,395663.3214285714,-35408.46428571426,-8.94913992984475
Poland,2001,354022.71428571426,395663.3214285714,-41640.60714285716,-10.524252536856512
Poland,2002,350705.5714285714,395663.3214285714,-44957.75,-11.362627659717548
Poland,2003,357697.14285714284,395663.3214285714,-37966.17857142858,-9.595576975482315
Poland,2004,359003.5714285714,395663.3214285714,-36659.75,-9.265390046172914
Poland,2005,363690.5714285714,395663.3214285714,-31972.75,-8.080797048500742
Poland,2006,363021.0,395663.3214285714,-32642.32142857142,-8.250024619596765
Poland,2007,367847.28571428574,395663.3214285714,-27816.03571428568,-7.0302285321403675
Poland,2008,369814.7142857143,395663.3214285714,-25848.6071428571,-6.532980375721664
Poland,2009,380073.4285714286,395663.3214285714,-15589.89285714284,-3.9401915752146013
Poland,2010,374364.4285714286,395663.3214285714,-21298.89285714284,-5.383084987570146
Poland,2011,368145.5714285714,395663.3214285714,-27517.75,-6.954839761402484
Poland,2012,374193.7142857143,395663.3214285714,-21469.6071428571,-5.426231338639
Poland,2013,379464.5714285714,395663.3214285714,-16198.75,-4.094074209738023
Poland,2014,368611.2857142857,395663.3214285714,-27052.03571428574,-6.837135071457315
Poland,2015,390777.14285714284,395663.3214285714,-4886.17857142858,-1.2349334160636054
Poland,2016,382548.5714285714,395663.3214285714,-13114.75,-3.314623643315796
Poland,2017,395299.5714285714,395663.3214285714,-363.75,-0.09193422293647387
Poland,2018,403994.5714285714,395663.3214285714,8331.25,2.1056412229264545
Poland,2019,400810.5714285714,395663.3214285714,5147.25,1.3009166433258148
Poland,2020,468631.28571428574,395663.3214285714,72967.96428571432,18.44193290959044
Poland,2021,512333.5714285714,395663.3214285714,116670.25,29.48725436028629
Poland,2022,437627.85714285716,395663.3214285714,41964.53571428574,10.606122286688011
Poland,2023,163604.57142857142,395663.3214285714,-232058.75,-58.65055905665829
Portugal,2000,102694.42857142857,108817.60714285713,-6123.178571428565,-5.627010859915325
Portugal,2001,102398.85714285714,108817.60714285713,-6418.749999999985,-5.898631819364828
Portugal,2002,104214.85714285714,108817.60714285713,-4602.749999999985,-4.229784242505385
Portugal,2003,106193.42857142858,108817.60714285713,-2624.1785714285506,-2.411538573884919
Portugal,2004,100870.71428571429,108817.60714285713,-7946.8928571428405,-7.3029476256632435
Portugal,2005,105720.14285714286,108817.60714285713,-3097.4642857142753,-2.8464734403209997
Portugal,2006,99369.57142857143,108817.60714285713,-9448.035714285696,-8.682451270851963
Portugal,2007,101150.57142857143,108817.60714285713,-7667.035714285696,-7.045767606542124
Portugal,2008,100907.42857142857,108817.60714285713,-7910.178571428565,-7.269208337805097
Portugal,2009,103235.42857142857,108817.60714285713,-5582.178571428565,-5.129848668791449
Portugal,2010,104558.85714285714,108817.60714285713,-4258.749999999985,-3.913658930589279
Portugal,2011,100436.71428571429,108817.60714285713,-8380.89285714284,-7.701780141278331
Portugal,2012,105079.85714285714,108817.60714285713,-3737.7499999999854,-3.434876118065177
Portugal,2013,104062.28571428571,108817.60714285713,-4755.32142857142,-4.369992644966521
Portugal,2014,102268.85714285714,108817.60714285713,-6548.749999999985,-6.018097780263357
Portugal,2015,107433.14285714286,108817.60714285713,-1384.4642857142753,-1.2722796632503903
Portugal,2016,108187.42857142857,108817.60714285713,-630.1785714285652,-0.5791145274875038
Portugal,2017,106928.42857142857,108817.60714285713,-1889.1785714285652,-1.7360964103432523
Portugal,2018,110663.14285714286,108817.60714285713,1845.5357142857247,1.6959899806130472
Portugal,2019,109491.42857142857,108817.60714285713,673.8214285714348,0.6192209572177355
Portugal,2020,121072.0,108817.60714285713,12254.39285714287,11.26140629158951
Portugal,2021,123108.28571428571,108817.60714285713,14290.67857142858,13.132689595597885
Portugal,2022,121691.85714285714,108817.60714285713,12874.250000000015,11.831035746906782
Portugal,2023,40053.57142857143,108817.60714285713,-68764.03571428571,-63.19201232206054
Romania,2015,259598.42857142858,256172.60714285716,3425.8214285714203,1.337309818867939
Romania,2016,253864.42857142858,256172.60714285716,-2308.1785714285797,-0.9010247415491233
Romania,2017,256728.14285714287,256172.60714285716,555.5357142857101,0.21685992131700102
Romania,2018,258278.0,256172.60714285716,2105.3928571428405,0.8218649451339454
Romania,2019,255819.85714285716,256172.60714285716,-352.75,-0.13770012490183445
Romania,2020,291197.85714285716,256172.60714285716,35025.25,13.672519630667548
Romania,2021,332446.28571428574,256172.60714285716,76273.67857142858,29.77433044934965
Romania,2022,265467.14285714284,256172.60714285716,9294.535714285681,3.6282316903237404
Romania,2023,56924.42857142857,256172.60714285716,-199248.17857142858,-77.77887760665834
Slovakia,2000,51453.28571428572,52415.71428571429,-962.4285714285725,-1.8361451037039074
Slovakia,2001,50947.28571428572,52415.71428571429,-1468.4285714285725,-2.8015044561336584
Slovakia,2002,50430.42857142857,52415.71428571429,-1985.2857142857174,-3.7875773350412962
Slovakia,2003,51097.42857142857,52415.71428571429,-1318.2857142857174,-2.515058188656625
Slovakia,2004,51285.0,52415.71428571429,-1130.7142857142899,-2.1572047641110976
Slovakia,2005,52707.0,52415.71428571429,291.2857142857101,0.5557221116895072
Slovakia,2006,52203.57142857143,52415.71428571429,-212.14285714286234,-0.4047314055218
Slovakia,2007,52696.0,52415.71428571429,280.2857142857101,0.5347360388105995
Slovakia,2008,51950.857142857145,52415.71428571429,-464.85714285714494,-0.88686598893462
Slovakia,2009,52290.142857142855,52415.71428571429,-125.57142857143481,-0.23956828650078862
Slovakia,2010,52889.42857142857,52415.71428571429,473.7142857142826,0.9037638657981462
Slovakia,2011,50864.28571428571,52415.71428571429,-1551.4285714285797,-2.9598539151290666
Slovakia,2012,51202.28571428571,52415.71428571429,-1213.4285714285797,-2.31500913030445
Slovakia,2013,51093.71428571429,52415.71428571429,-1322.0,-2.522144395083263
Slovakia,2014,50299.0,52415.71428571429,-2116.71428571429,-4.038320023984091
Slovakia,2015,53275.428571428565,52415.71428571429,859.7142857142753,1.6401842413670729
Slovakia,2016,51393.42857142857,52415.71428571429,-1022.2857142857174,-1.9503420457332918
Slovakia,2017,52774.57142857143,52415.71428571429,358.85714285713766,0.6846365593742235
Slovakia,2018,53267.857142857145,52415.71428571429,852.1428571428551,1.6257392821127754
Slovakia,2019,52227.0,52415.71428571429,-188.71428571428987,-0.36003379575373495
Slovakia,2020,57449.57142857143,52415.71428571429,5033.857142857138,9.603717532909966
Slovakia,2021,72446.71428571429,52415.71428571429,20031.0,38.215638712490794
Slovakia,2022,58002.857142857145,52415.71428571429,5587.142857142855,10.659289744078924
Slovakia,2023,17361.714285714286,52415.71428571429,-35054.0,-66.8768907906571
Slovenia,2000,18133.428571428572,19917.035714285714,-1783.6071428571413,-8.95518373538804
Slovenia,2001,18108.714285714286,19917.035714285714,-1808.3214285714275,-9.079269899960007
Slovenia,2002,18337.285714285714,19917.035714285714,-1579.75,-7.931652192936054
Slovenia,2003,19021.0,19917.035714285714,-896.0357142857138,-4.498840726800637
Slovenia,2004,18363.0,19917.035714285714,-1554.0357142857138,-7.802545200895857
Slovenia,2005,18580.14285714286,19917.035714285714,-1336.892857142855,-6.712308379223088
Slovenia,2006,17815.14285714286,19917.035714285714,-2101.892857142855,-10.553241392418899
Slovenia,2007,18170.714285714286,19917.035714285714,-1746.3214285714275,-8.76797859692976
Slovenia,2008,17875.428571428572,19917.035714285714,-2041.6071428571413,-10.250557222191333
Slovenia,2009,18508.714285714286,19917.035714285714,-1408.3214285714275,-7.070938912668081
Slovenia,2010,18415.0,19917.035714285714,-1502.0357142857138,-7.541462172547907
Slovenia,2011,18318.285714285714,19917.035714285714,-1598.75,-8.027047914832421
Slovenia,2012,18814.142857142855,19917.035714285714,-1102.8928571428587,-5.5374347516573295
Slovenia,2013,18907.428571428572,19917.035714285714,-1009.6071428571413,-5.06906327497816
Slovenia,2014,18489.14285714286,19917.035714285714,-1427.892857142855,-7.169203678832002
Slovenia,2015,19634.285714285714,19917.035714285714,-282.75,-1.419638966641981
Slovenia,2016,19319.14285714286,19917.035714285714,-597.8928571428551,-3.0019168802012532
Slovenia,2017,20074.285714285714,19917.035714285714,157.25,0.7895251193791388
Slovenia,2018,20067.14285714286,19917.035714285714,150.10714285714494,0.7536620660346506
Slovenia,2019,20207.571428571428,19917.035714285714,290.53571428571377,1.458729694787482
Slovenia,2020,23451.0,19917.035714285714,3533.9642857142862,17.743424957457457
Slovenia,2021,22967.14285714286,19917.035714285714,3050.107142857145,15.314061723901123
Slovenia,2022,21936.428571428572,19917.035714285714,2019.3928571428587,10.139023126289958
Slovenia,2023,8199.0,19917.035714285714,-11718.035714285714,-58.83423558798373
Spain,2000,348896.4285714286,409276.3214285714,-60379.89285714284,-14.75284293173569
Spain,2001,348834.14285714284,409276.3214285714,-60442.17857142858,-14.76806143107822
Spain,2002,358764.5714285714,409276.3214285714,-50511.75,-12.34172302558078
Spain,2003,373911.71428571426,409276.3214285714,-35364.60714285716,-8.640765490516934
Spain,2004,364370.7142857143,409276.3214285714,-44905.6071428571,-10.971953370308576
Spain,2005,378344.5714285714,409276.3214285714,-30931.75,-7.557669080887284
Spain,2006,360855.4285714286,409276.3214285714,-48420.89285714284,-11.830856153156041
Spain,2007,374989.85714285716,409276.3214285714,-34286.46428571426,-8.37733885166823
Spain,2008,373879.7142857143,409276.3214285714,-35396.6071428571,-8.648584169078216
Spain,2009,378723.0,409276.3214285714,-30553.32142857142,-7.465206225936946
Spain,2010,375595.14285714284,409276.3214285714,-33681.17857142858,-8.229447150488708
Spain,2011,377376.28571428574,409276.3214285714,-31900.03571428568,-7.7942539169965155
Spain,2012,392004.4285714286,409276.3214285714,-17271.89285714284,-4.220105574848703
Spain,2013,379906.5714285714,409276.3214285714,-29369.75,-7.176019833613982
Spain,2014,384939.2857142857,409276.3214285714,-24337.03571428574,-5.946358105775034
Spain,2015,415982.14285714284,409276.3214285714,6705.82142857142,1.6384581949830068
Spain,2016,401089.71428571426,409276.3214285714,-8186.6071428571595,-2.000264054925523
Spain,2017,411664.4285714286,409276.3214285714,2388.1071428571595,0.583495066248034
Spain,2018,416579.7142857143,409276.3214285714,7303.392857142899,1.784465036152236
Spain,2019,407771.4285714286,409276.3214285714,-1504.8928571428405,-0.36769604747473295
Spain,2020,485468.4285714286,409276.3214285714,76192.10714285716,18.616299833059
Spain,2021,443061.85714285716,409276.3214285714,33785.53571428574,8.254945117850442
Spain,2022,454372.4285714286,409276.3214285714,45096.10714285716,11.018498941118809
Spain,2023,149965.42857142858,409276.3214285714,-259310.89285714284,-63.35839120915253
Sweden,2000,89594.0,86923.92857142858,2670.0714285714203,3.0717334943936923
Sweden,2001,90173.42857142857,86923.92857142858,3249.4999999999854,3.73832620476852
Sweden,2002,91320.14285714286,86923.92857142858,4396.214285714275,5.057542103727795
Sweden,2003,89490.85714285714,86923.92857142858,2566.928571428565,2.9530747328328886
Sweden,2004,88317.71428571429,86923.92857142858,1393.7857142857101,1.6034545805651033
Sweden,2005,89500.0,86923.92857142858,2576.0714285714203,2.9635929610044807
Sweden,2006,88472.71428571429,86923.92857142858,1548.7857142857101,1.7817714175366755
Sweden,2007,89052.85714285714,86923.92857142858,2128.928571428565,2.449185864487414
Sweden,2008,88558.28571428571,86923.92857142858,1634.3571428571304,1.880215459330188
Sweden,2009,88546.71428571429,86923.92857142858,1622.7857142857101,1.8669033268005226
Sweden,2010,88793.71428571429,86923.92857142858,1869.7857142857101,2.1510598347487697
Sweden,2011,87489.85714285714,86923.92857142858,565.9285714285652,0.6510618890902071
Sweden,2012,89236.42857142857,86923.92857142858,2312.4999999999854,2.660372164495211
Sweden,2013,88055.71428571429,86923.92857142858,1131.7857142857101,1.3020416045228331
Sweden,2014,86529.71428571429,86923.92857142858,-394.2142857142899,-0.45351641624244987
Sweden,2015,88921.57142857142,86923.92857142858,1997.6428571428405,2.2981506818359048
Sweden,2016,87575.57142857143,86923.92857142858,651.6428571428551,0.7496702781989153
Sweden,2017,87749.57142857143,86923.92857142858,825.6428571428551,0.9498453080895832
Sweden,2018,87907.14285714286,86923.92857142858,983.2142857142753,1.1311203967344068
Sweden,2019,84463.42857142857,86923.92857142858,-2460.5000000000146,-2.8306359830229386
Sweden,2020,93583.42857142857,86923.92857142858,6659.499999999985,7.661296618143104
Sweden,2021,87875.42857142857,86923.92857142858,951.4999999999854,1.0946352927641816
Sweden,2022,88905.28571428571,86923.92857142858,1981.3571428571304,2.2794150879052557
Sweden,2023,35995.28571428571,86923.92857142858,-50928.64285714287,-58.58990003574554
Switzerland,2000,60957.85714285714,65367.607142857145,-4409.750000000007,-6.746078360131421
Switzerland,2001,59934.42857142857,65367.607142857145,-5433.1785714285725,-8.311729324212026
Switzerland,2002,60447.28571428572,65367.607142857145,-4920.3214285714275,-7.527155488219645
Switzerland,2003,61665.42857142857,65367.607142857145,-3702.1785714285725,-5.6636287195547395
Switzerland,2004,59637.42857142857,65367.607142857145,-5730.1785714285725,-8.766082807506779
Switzerland,2005,60244.0,65367.607142857145,-5123.607142857145,-7.8381439474444825
Switzerland,2006,58921.142857142855,65367.607142857145,-6446.46428571429,-9.861863646968006
Switzerland,2007,59710.28571428572,65367.607142857145,-5657.3214285714275,-8.654625243062174
Switzerland,2008,59754.142857142855,65367.607142857145,-5613.46428571429,-8.587532160151413
Switzerland,2009,61735.28571428572,65367.607142857145,-3632.3214285714275,-5.5567605842343255
Switzerland,2010,61964.42857142857,65367.607142857145,-3403.1785714285725,-5.2062156168438625
Switzerland,2011,60818.42857142857,65367.607142857145,-4549.1785714285725,-6.959377542284215
Switzerland,2012,62678.857142857145,65367.607142857145,-2688.75,-4.113275852554755
Switzerland,2013,63669.142857142855,65367.607142857145,-1698.4642857142899,-2.5983271530842393
Switzerland,2014,62547.0,65367.607142857145,-2820.607142857145,-4.314992189775083
Switzerland,2015,66913.42857142857,65367.607142857145,1545.8214285714203,2.3648126283605833
Switzerland,2016,63838.42857142857,65367.607142857145,-1529.1785714285725,-2.3393522239335462
Switzerland,2017,65524.42857142857,65367.607142857145,156.82142857142753,0.23990694386089936
Switzerland,2018,65731.71428571429,65367.607142857145,364.10714285714494,0.5570146419179912
Switzerland,2019,66375.85714285714,65367.607142857145,1008.25,1.542430638154656
Switzerland,2020,74306.71428571429,65367.607142857145,8939.107142857145,13.675132888559375
Switzerland,2021,70077.71428571429,65367.607142857145,4710.107142857145,7.205567633160377
Switzerland,2022,72649.0,65367.607142857145,7281.392857142855,11.139145481078708
Switzerland,2023,26298.0,65367.607142857145,-39069.607142857145,-59.76906429735567
